<?xml version="1.0" encoding="UTF-8"?>
<project-private xmlns="http://www.netbeans.org/ns/project-private/1">
    <editor-bookmarks xmlns="http://www.netbeans.org/ns/editor-bookmarks/2" lastBookmarkId="4">
        <file>
            <url>src/sistema/de/datos/de/empleado/SistemaDeDatosDeEmpleado.java</url>
            <bookmark id="4">
                <name/>
                <line>33</line>
                <key/>
            </bookmark>
            <bookmark id="2">
                <name/>
                <line>43</line>
                <key/>
            </bookmark>
        </file>
        <file>
            <url>src/sistema/de/datos/de/empleado/Empresa.java</url>
            <bookmark id="1">
                <name/>
                <line>20</line>
                <key/>
            </bookmark>
            <bookmark id="3">
                <name/>
                <line>52</line>
                <key/>
            </bookmark>
        </file>
    </editor-bookmarks>
    <open-files xmlns="http://www.netbeans.org/ns/projectui-open-files/2">
        <group/>
    </open-files>
</project-private>
